RawRom,RawNep,NormNep,NormRom,Offensiveness,IsTaboo,Class,Class_Other,Profanity,Offensive
adhinayak,अधिनायक,अधिनायक,adhinayak,1,0,Politics,,,
adhinayak tantra,अधिनायक तन्त्र,अधिनायक तन्त्र,adhinayak tantra,1,0,Politics,,,
adhinayakatwa,अधिनायकत्व,अधिनायकत्व,adhinayakatwa,1,0,Politics,,,
adhinayakbad,अधिनायकवाद,अधिनायकवाद,adhinayakbad,1,0,Politics,,,
adhinayakbadi,अधिनायकवादी,अधिनायकवादी,adhinayakbadi,1,0,Politics,,,
adhinayaki,अधिनायकी,अधिनायकी,adhinayaki,2,0,Politics,,,
andhabhakta,अन्धभक्त,अन्धभक्त,andhabhakta,2,0,Politics,,,1
andha,अन्धा,अन्धा,andha,3,0,Disability,Body Part,,1
andhi,अन्धी,अन्धी,andhi,3,0,Disability,Body Part,,
andho,अन्धो,अन्धो,andho,3,0,Disability,Body Part,,
aparadh,अपराध,अपराध,aparadh,1,0,Other,,,
aparadhi,अपराधी,अपराधी,aparadhi,1,0,Other,,,
aparipakwa,अपरीपक्व,अपरिपक्व,aparipakwa,1,0,Other,,,
aparipakwata,अपरिपक्वता,अपरिपक्वता,aparipakwata,1,0,Other,,,
aputali,अपूताली,अपुताली,aputali,3,0,Marriage,Relation,,
aputali,अपुताली,अपुताली,aputali,3,0,Marriage,Relation,,
aputo,अपूतो,अपुतो,aputo,3,0,Disability,Relation,,
aputra,अपुत्र,अपुत्र,aputra,2,0,Relation,,,
aputri,अपुत्री,अपुत्री,aputri,2,0,Relation,,,
abujh,अबूझ,अबुझ,abujh,2,0,Other,,,
abujhaki,अबुझकी,अबुझकी,abujhaki,2,0,Other,,,
abhiman,अभिमान,अभिमान,abhiman,1,0,Other,,,
abhimani,अभिमानी,अभिमानी,abhimani,1,0,Other,,,
aringal,अरीङ्गाल,अरिङ्गाल,aringal,1,0,Animal,,,
ardha pagal,अर्ध पागल,अर्धपागल,ardhapagal,3,0,Disability,,,
arda pagal,अर्ध पागल,अर्धपागल,ardhapagal,3,0,Disability,,,
hafmind,अर्ध पागल,अर्धपागल,ardhapagal,3,0,Disability,,,
alachhin,अलच्छिन,अलच्छिन,alachchhin,1,0,Other,,1,
alachhini,अलछिनि,अलच्छिनी,alachhini,4,0,Other,,1,
aslil,अश्लील,अश्लील,ashlil,1,0,Vulgar,,0,
aslil,अस्लील,अश्लील,ashlil,1,0,Vulgar,,0,
aslilta,अश्लीलता,अश्लीलता,ashlilta,2,0,Vulgar,,,
asakchham,असक्षम,असक्षम,asakchham,1,0,Disability,,,
aimai,आइमाइ,आइमाई,aaimai,2,0,Gender,Sex and Porn,,
ankho fodchhu,आँखो फोड्छु,आँखो फोड्नु,aankho phodchhu,3,0,Action,Body Part,,
aukow fodxuh,आँखो फोड्छु,आँखो फोड्नु,aankho phodchhu,3,0,Action,Body Part,,
aachi,आची,आची,aachi,2,0,Excretion,,,
achi,आचि,आची,aachi,2,0,Excretion,,,
aachi kha,आचि खा,आची खानु,aachi khanu,4,0,Action,Excretion,,
aachi kha,आची खा,आची खानु,aachi khanu,4,0,Action,Excretion,,
aatanka,आतङ्क,आतङ्क,aatanka,1,0,Politics,,,
atanka machhayo,आतंक मच्चायो,आतङ्क मच्चाउनु,aatanka machhayo,4,0,Politics,Action,,
aatankakari,आतङ्ककारी,आतङ्ककारी,aatankakari,2,0,Politics,,1,
atankakari,आतंककारी,आतङ्ककारी,aatankakari,2,0,Politics,,1,
aatankakari,आतंककारि,आतङ्ककारी,aatankakari,2,0,Politics,,1,
aatankapurna,आतङ्कपूर्ण,आतङ्कपूर्ण,aatankapurna,1,0,Politics,,,
aatankayudha,आतङ्कयुद्ध,आतङ्कयुद्ध,aatankayudha,1,0,Politics,,,
aatankabad,आतङ्कवाद,आतङ्कवाद,aatankabad,1,0,Politics,,,
aatankabadhi,आतङ्कवादी,आतङ्कवादी,aatankabadhi,1,0,Politics,,1,
aatankabadi,आतंकवादी,आतङ्कवादी,aatankabadhi,1,0,Politics,,1,
atankabadi,आतंकवादि,आतङ्कवादी,aatankabadhi,1,0,Politics,,1,
atankabadi,आतङ्कवादि,आतङ्कवादी,aatankabadhi,1,0,Politics,,1,
aatankit,आतङ्कित,आतङ्कित,aatankit,1,0,Politics,,,
afai mapai,आफैं मपाई,आफैं मपाईं,afai mapai,2,0,Other,,,
afno khuttama bancharo hannu,आफ्नो खूट्टामा बन्चरो हान्नू,आफ्नो खुट्टामा बन्चरो हान्नु,afno khuttama banchhoro hannu,1,0,Idiom,Action,,
afno bayan afai,आफ्नो वयान आफैं,आफ्नो बयान आफैं,afno bayan afai,2,0,Idiom,,,
aalu,आलु,आलु,aalu,1,0,Plant,,,
alu pade,आलु पाँडे,आलु पाँडे,alu pande,3,0,Politics,,,
asepase,आसेपासे,आसेपासे,asepase,1,0,Politics,,,
indian,ईन्डियन,ईन्डियन,indian,1,0,Race,Geographic Location,,
puar patar,उफर पाटर,उछारपछार,uchharpachhar,1,0,Other,,,
uphar patar,उफर पटार,उछारपछार,uchharpachhar,1,0,Other,,,
ucharpato,उछारपाटो,उछारपाटो,ucharpato,1,0,Other,,,
ulphako dhan bokera phupu ko sradha,उल्फाको धन बोकेर फूपूको श्राद्ध,उल्फाको धन फुपूको श्राद्ध,ulphako dhan bokera phupuko sraddha,1,0,Idiom,Politics,,
ullu,उल्लू,उल्लु,ullu,1,0,Animal,,,
ulluka patta,उल्लूका पट्टा,उल्लूका पट्टा,ulluka patta,3,0,Animal,Imported,1,
aids,एड्स,एड्स,aids,1,0,Disease,,,
aijheru,अैंझेरु,ऐझेरु,aijheru,1,0,Plant,,,
aijheru,अैझेरु,ऐझेरु,aijheru,1,0,Plant,,,
aisha,एैश,ऐस,ais,1,0,Other,,,
over,ओभर,ओभर,over,1,0,Other,Imported,,
over nabol,ओभर नवोल,ओभर नबोल,over nabol,2,0,Other,Code Switch,,
over naho,ओभर नहो,ओभर नहो,over naho,2,0,Other,Code Switch,,
aukaat,औकात,औकात,aukaat,1,0,Other,,,
aautha chhap,औंठा छाप,औंठा छाप,aautha chhap,1,0,Politics,,,
aulat,औलात,औलाद,aaulat,1,0,Relation,Imported,,
kattar,कट्टर,कट्टर,kattar,1,0,Other,,,
kattu,कट्टु,कट्टु,kattu,1,0,Cloth,,,
kathputali,कठपुतली,कठपुतली,kathputali,3,0,Politics,,,
kandam,कंडम,कन्डम,condom,1,0,Vulgar,,,
kandom,कन्डोम,कन्डम,condom,1,0,Vulgar,,,
kando,कन्ढो,कन्डो,kando,5,1,Body Part,,1,
kando pachhadi kura katchha,कन्डो पछाडी कूरा काट्छ,कन्डो पछाडि कुरा काट्नु,kando pachadi kura katchha,5,1,Idiom,Action,1,
kandani,कंदनी,कन्दनी,kandani,1,0,Race,,,
kandane,कन्दने,कन्दने,kandane,3,0,Race,,,
kanya,कन्या,कन्या,kanya,1,0,Marriage,Gender,,
kapat,कपट,कपट,kapat,1,0,Other,,,
kapti,कपटी,कपटी,kapti,3,0,Other,,,
kapti,कप्टी,कपटी,kapti,3,0,Other,,,
kaput,कपुत,कपुत,kaput,3,0,Other,,,
kamini,कमीनी,कमिनी,kamini,5,1,Race,Gender,1,
kamisan,कमीसन,कमिसन,kamisan,1,0,Politics,,,
kamisankhor,कल्मीस,कमिसन खोर,kamisankhor,2,0,Politics,,,
kamisankhor,कमीशनखोर,कमिसनखोर,kamisankhor,2,0,Politics,,,
kamaunist,कमाउनीस्ट,कम्युनिस्ट,kamaunist,3,0,Politics,,,
communist,कम्युनिस्ट,कम्युनिस्ट,communist,1,0,Politics,,,
karang,करङ,करङ,karang,1,0,Body Part,,,
karange,करङे,करङे,karange,2,0,Other,Body Part,,
karod jhwam,करोड़ झवाम,करोड झ्वाम,krod jwam,1,0,Politics,,,
kawadi,कवाडी,कवाडी,kawadi,1,0,Other,,,
kahi navako,कही नभाको,कहीँ नभएको,kahi nabhako,1,0,Other,,,
kaite,काइते,काइते,kaite,3,0,Other,,,
kaite para,काइते पारा,काइते पारा,kaite para,3,0,Other,,,
kause,काउसे,काउसे,kause,3,0,Other,Plant,,
kaauso,काउसो,काउसो,kaauso,1,0,Plant,,,
kagle kagkai naam kadchha,कागले कागकै नाम काढछ,कागले कागकै नाम काढ्नु,kagle kagkai naam kadchha,1,0,Idiom,Action,,
kangresi,कंग्रेसी,कांग्रेसी,kangresi,1,0,Politics,,,
kangresi,काङ्ग्रेसी,कांग्रेसी,kangresi,1,0,Politics,,,
katto,काट्टो,काट्टो,katto,2,0,Death,,,
katinchha,काटिन्छ,काट्नु,kaatinchha,1,0,Action,,,
katnu,काट्नु,काट्नु,katnu,1,0,Action,,,
katha,काठा,काठा,katha,4,0,Race,,,
kathi,काठी,काठी,kathi,4,0,Race,,,
katho,काठो,काठो,katho,4,0,Race,,,
katro,कात्रो,कात्रो,katro,1,0,Death,,,
kano,कानो,कानो,kano,4,0,Disability,,,
kanu,कानु,कानो,kano,4,0,Disability,,,
kami,कामी,कामी,kami,1,0,Race,,,
kayar,कायर,कायर,kayar,2,0,Other,,,
katike,कातिके,कार्तिके,katike,2,0,Animal,,,
kalle pani kati bachako,कालले पनि कती बचाएको,कालले पनि कती बचाएको,kalle pani kati bachako,3,0,Death,,,
kalo jhanda,कालो झण्डा,कालो झण्डा,kalo jhanda,1,0,Politics,,,
kiriya,किरिया,किरिया,kiriya,2,0,Death,,,
kukur,कुकुर,कुकुर,kukur,1,0,Animal,,,
kukurni,कुकुर्नी,कुकुर्नी,kukurni,3,0,Animal,,,
kuchaidiu,कुच्याइदिउँ,कुच्याइ दिनु,kuchyaidinu,2,0,Action,,,
kuchhaidiu,कुच्चाईदिउँ,कुच्याइ दिनु,kuchyaidinu,2,0,Action,,,
kunthit,कूण्ठीत,कुण्ठित,kunthit,1,0,Other,,,
kutatwa,कुतत्व,कुतत्त्व,kutatwa,1,0,Other,,,
kutatwa,कूतत्व,कुतत्त्व,kutatwa,1,0,Other,,,
kun chahi pagal,कुन चाहिँ पागल,कुन चाहिँ पागल,kun chahi pagal,4,0,Disability,,,
kuputra,कुपुत्र,कुपुत्र,kuputra,1,0,Relation,,,
kuputri,कुपुत्री,कुपुत्री,kuputri,2,0,Relation,,,
kubudhi,कूबूद्दी,कुबुद्धि,kubuddhi,1,0,Other,,,
kumar,कुमार,कुमार,kumar,1,0,Marriage,Relation,,
kumari,कुमारी,कुमारी,kumari,1,0,Marriage,Relation,,
kumlaunu,कूम्ल्याउनु,कुम्ल्याउनु,kumlaunu,1,0,Action,,,
kura katchha,कूरा काट्छ,कुरा काट्नु,kura katchha,2,0,Action,,,
kuri kuri,कूरी कूरी,कुरी कुरी,kurikuri,1,0,Other,,,
kurikuri,कूरीकूरी,कुरी कुरी,kurikuri,1,0,Other,,,
kuri kuri,कुरी कुरी,कुरी कुरी,kurikuri,1,0,Other,,,
kurup,कूरूप,कुरूप,kurup,1,0,Other,,,
kurupta,कुरूपता,कुरूपता,kurupta,1,0,Other,,,
kuraute,कूरौटे,कुरौटे,kuraute,3,0,Other,,,
kubichar,कूवीचार,कुविचार,kubichar,2,0,Politics,,,
kubichari,कूवीचारी,कुविचारी,kubichari,3,0,Other,,,
kustarog,कूष्ठरोग,कुष्ठरोग,kustharog,1,0,Disease,,,
kustarogi,कूष्ठरोगी,कुष्ठरोगी,kustharogi,1,0,Other,Disease,,
kripabad,कृपाबाद,कृपावाद,kripabad,1,0,Politics,,,
kera,केरा,केरा,kera,1,0,Plant,,1,
kera kha,केरा खा,केरा खानु,kera khanu,1,0,Action,Plant,1,
kerakha,केराखा,केरा खानु,kera khanu,1,0,Action,Plant,1,
kodalo,कोदालो,कोदालो,kodalo,1,0,Weapon,,,
kaudi,कौडी,कौडी,kaudi,1,0,Other,,,
kaude,कौडे,कौडे,kaude,1,0,Other,,,
kauwa,कौवा,कौवा,kauwa,1,0,Animal,,,
cancer,क्यान्सर,क्यान्सर,cancer,1,0,Disease,,,
krantikari,क्रान्तीकारी,क्रान्तिकारी,krantikari,1,0,Politics,,,
chhetri,क्षेत्री,क्षत्री,chhetri,1,0,Race,Politics,,
khakar,खकार,खकार,khakar,1,0,Excretion,,,
kharani,खरानी,खरानी,kharani,1,0,Religion,,,
kharani dhasera,खरानी धसेर,खरानी धसेर,kharani dhasera,1,0,Religion,Politics,,
khata,खाते,खाते,khata,4,0,Other,,,
khate,खाते,खाते,khate,4,0,Other,,1,
khateay,खाते,खाते,khateay,4,0,Other,,1,
khatee,खाते,खाते,khatee,4,0,Other,,1,
khate bahun,खाते वाहुन,खाते बाहुन,khate bahun,4,0,Race,,1,
khateni,खातेेनी,खातेनी,khateni,4,0,Race,,1,
khatay,खातेे,खाते,khate,4,0,Other,,1,
khal,खाल,खाल,khal,1,0,Other,,,
khukuri,खुकुरी,खुकुरी,khukuri,1,0,Weapon,,,
khutta tanai,खुट्टा तनाइ,खुट्टा तान्नु,khutta tanai,1,0,Action,Politics,,
khutta tannu,खुट्टा तान्नु,खुट्टा तान्नु,khutta tannu,1,0,Action,Politics,,
khuda,खूडा,खुँडा,khuda,1,0,Weapon,,,
khudo,खुँडो,खुँडो,khudo,1,0,Weapon,,,
khuttiyo,खूत्तीयो,खुत्तीनु,khuttinu,3,0,Other,,,
khutyayeu,खुत्त्यायौ,खुत्त्याउनु,khutyaaunu,4,0,Action,,,
khun chus chha,खून चूस छ,खुन चुसनु,khun chus chha,1,0,Action,Excretion,,
khuni,खूनी,खुनी,khuni,2,0,Other,Excretion,,
khurapati,खुरापाती,खुराफाती,khurafati,2,0,Politics,,,
khulkyais,खूल्क्याइस,खुल्क्याउनु,khulkyaunu,5,1,Other,,,
khusket,खुस्केट,खुस्केट,khusket,4,0,Disability,,,
khedo khanne,खेदो खन्ने,खेदो खन्नु,khedo khannu,2,0,Action,,,
khaire,खैरे,खैरे,khaire,1,0,Race,Geographic Location,,
khoki,खोकी,खोकी,khoki,1,0,Excretion,,,
khoya,खोया,खोयो,khoyo,1,0,Plant,,,
Khor,खोर,खोर,Khor,1,0,Other,Animal,,
khole,खोले,खोले,khole,1,0,Other,,,
gajdhr,गजधर,गजाधर,gajadar,1,0,Other,,,
gajadar,गजाधर,गजाधर,gajadar,1,0,Other,,,
gaddar,गद्दार,गद्दार,gaddar,3,0,Politics,,,
gaddari,गद्दारी,गद्दारी,gaddari,2,0,Politics,,,
gadha,गधा,गधा,gadha,1,0,Animal,,,
gada,गधा,गधा,gadha,1,0,Animal,,,
gadhaa,गधा,गधा,gadha,1,0,Animal,,,
gdha,गधा,गधा,gadha,1,0,Animal,,,
gadha kukur,गधा कुकुर,गधा कुकुर,gadha kukur,3,0,Animal,,,
gadhale,गधाले,गधाले,gadhale,1,0,Other,Animal,,
gadheni,गधेनि,गधेनी,gadheni,4,0,Animal,,,
ganaune,गनाउने,गन्हाउने,ganaune,1,0,Other,,,
gandha aauchha,गन्ध आउँछ,गन्ध आउँछ,gandha aauchha,1,0,Other,Excretion,,
gandhe,गन्धे,गन्धे,gandhe,1,0,Other,Excretion,,
ganaune,गन्हाउने,गन्हाउने,ganaune,1,0,Other,Excretion,,
gaf lauchha,गफ लाउछ,गफ लाउँछ,guff laauchha,2,0,Politics,,,
gafadi,गफाडी,गफाडी,gafadi,4,0,Politics,,,
gaffadi,गफ्फाडि,गफाडी,gafadi,4,0,Politics,,,
gafe,गफे,गफै,gafai,3,0,Politics,,,
garib manasikta,गरीब मानसीकता,गरिब मानसिकता,garib manasikta,3,0,Other,,,
galala,गलल,गलल,galala,1,0,Other,,,
gawar,गवार,गवार,gawar,3,0,Other,,,
gandu,गान्दु,गाँडू,gandu,4,0,Other,Body Part,1,
gadhe,गाँढे,गाँडे,gande,2,0,Other,Body Part,1,
gala futne gari,गाला फुट्ने गरी,गाला फुट्ने गरी,gala futni gari,2,0,Other,,,
gidda,गीद्द,गिध्द,Giddha,1,0,Animal,,,
gilla,गिल्ला,गिल्ला,gilla,2,0,Other,,,
gu,गु,गु,gu,2,0,Excretion,,1,
gu,गू,गु,gu,2,0,Excretion,,1,
guu,गु,गु,guu,2,0,Excretion,,1,
gu khane,गु खाने,गु खाने,gu khane,3,0,Action,Excretion,1,
gu gobar,गु गोवर,गु गोबर,gu gobar,2,0,Excretion,,1,
gu biraloko jastai lukauchhan,गू बीरालो को जस्तै लूकाऊछन,गु बिरालोको जस्तै लुकाउनु,gu biraloko jastai lukaunu,4,0,Other,Animal,1,
gunyu,गुन्यु,गुन्यु,gunyu,1,0,Cloth,,,
gula,गुला,गुला,gula,5,1,Body Part,Sex and Porn,1,
gulam,गुलाम,गुलाम,gulam,3,0,Politics,,,
gulam,गूलाम,गुलाम,gulam,3,0,Politics,,,
guhe,गूहे,गुहे,guhe,3,0,Other,Excretion,1,
ge,गे,गे,ge,5,1,Gender,Sex and Porn,1,
geda,गेडा,गेडा,geda,1,0,Body Part,Plant,1,
gothala,गोठाला,गोठाला,gothala,1,0,Other,,,
gothalo,गोठालो,गोठालो,gothalo,1,0,Other,,,
gothalo baso,गोठालो बसो,गोठालो बस्यो,gothalo basyo,1,0,Other,,,
gobar,गोबर,गोबर,gobar,1,0,Excretion,,,
gobar gwach,गोवर ग्वाँच,गोबर ग्वाँच,gobar gwach,4,0,Disability,Excretion,,
gobarganesh,गोबरगणेश,गोबरगणेश,gobarganesh,4,0,Disability,Excretion,,
gobre,गोव्रे,गोब्रे,gobre,1,0,Animal,,,
goru,गोरु,गोरु,goru,1,0,Animal,Race,,
goru,गोरू,गोरु,goru,1,0,Animal,Race,,
goru ghichera,गोरु घिचेरा,गोरु घिचेर,goru ghichera,3,0,Race,Animal,,
goli,गोली,गोली,goli,1,0,Weapon,,,
goli thoknu,गोली ठोक्नु,गोली ठोक्नु,goli thoknu,1,0,Action,,,
goli thokknu par6a,गोली ठोक्नु पर्छ,गोली ठोक्नु पर्छ,goli thoknu parchha,3,0,Action,,,
goli hanna,गोली हान्न,गोली हान्नु,goli hannu,1,0,Action,,,
golinahaneko,गोली नहानेको,गोली हान्नु्,goli hannu,1,0,Action,,,
gwach,ग्वाँच,ग्वाँच,gwach,3,0,Disability,,,
ghatiyaa,घटिया,घटिया,ghatiya,2,0,Other,,,
ghatiya soch,घटीया सोच,घटिया सोच,ghatiya soch,3,0,Other,,,
ghantaaa,घण्टा,घण्टा,ghanta,1,0,Other,Religion,1,
ghanta,घण्टा,घण्टा,ghanta,1,0,Other,Religion,1,
ghat,घाट,घाट,ghat,1,0,Death,,,
ghando,घाँडो,घाँडो,ghando,1,0,Other,,1,
ghati,घाती,घाती,ghati,1,0,Other,,,
ghas,घाँस,घाँस,ghas,1,0,Plant,,,
ghichera,घीचेर,घिचेर,ghichera,2,0,Other,,,
ghin lagdo,घीन लाग्दो,घिन लाग्दो,ghin lagdo,1,0,Other,,,
ghuda tenke,घूडा टेक्ने,घुँडा,ghuda,1,0,Body Part,,,
ghuskohri,घूसखोरी,घुसखोरी,ghuskhori,2,0,Politics,,,
ghusiya,घुसिया,घुसिया,ghusiya,2,0,Politics,,,
ghusiya,घूसीया,घुसिया,ghusiya,2,0,Politics,,,
grinda,घृणा,घृणा,ghrina,1,0,Other,,,
ghokrayera,घोक्राएर,घोक्राएर,ghokrayera,3,0,Other,,,
gokrayar,घोक्राएर,घोक्राएर,ghokrayera,3,0,Other,,,
ghochuharu,घोचुहरू,घोचुहरु,ghochuharu,2,0,Other,,,
chhakku,चक्कु,चक्कु,chhakku,1,0,Weapon,,,
chatak,चटक,चटक,chatak,1,0,Other,,,
chatake,चटके,चटके,chatake,1,0,Other,,,
chandal,चन्डाल,चण्डाल,chandal,3,0,Other,,1,
chamche,चम्चे,चम्चे,chamche,3,0,Politics,,,
challa,चल्ला,चल्ला,challa,1,0,Animal,,,
chak,चाक,चाक,chak,3,0,Body Part,,1,
chakadi,चाकठि,चाकडी,chakadi,2,0,Politics,,,
"chatnu, chhatnu",चाट्नु,चाट्नु,chatnu,1,0,Action,,1,
charanika murga baranika masala,चारानीका मूर्गा बार्हआनीका मसाला,चारानीका मूर्गा बार्हआनीका मसला,charanika murga baranika masala,1,0,Idiom,Imported,,
chikam,चिकम,चिकुम,chikum,5,1,Vulgar,Gender,1,
chikdai,चिक्दै,चिक्दै,chikdai,5,1,Vulgar,Gender,1,
chekna,चिक्न,चिक्न,chikna,5,1,Vulgar,Gender,,
chiknu,चिक्नु,चिक्नु,chiknu,5,1,Vulgar,Gender,,
chikne,चीक्ने,चिक्ने,chikne,5,1,Other,Gender,1,
chit chorera paas garya jasto chha,चीट चोरेर पास गर्या जस्तो छ,चिट चोरेर पास गरेको जस्तो छ,chit chorera paas gareok jasto chha,3,0,Other,,,
chindai parne,चीण्डै पार्ने,चिण्डै पार्ने,chindai parne,2,0,Politics,Action,,
chinnelai srikhanda nachinnelai khurpako bid,चीन्नेलाइ श्रीखण्ड नचीन्नेलाइ खूर्पाको बींण,चिन्नेलाई श्रीखण्ड नचिन्नेलाई खुर्पाको विंड,chinne lai srikhanda nachinnelai khurpako bid,1,0,Idiom,,,
chihan,चिहान,चिहान,chihan,1,0,Death,,,
chudel,चुडेल,चुडेल,chudel,2,0,Other,,,
chudelni,चुँडेल्नी,चुडेल्नी,chudelni,2,0,Other,,,
chut,चुत,चुत,chut,5,1,Vulgar,,1,
chutdike,चुतडीके,चुतडाका,chutdaka,5,1,Other,,1,
chutini,चुतिनी,चुतिनी,chutini,5,1,Other,,1,
chutiya,चुतिया,चुतिया,chutiya,5,1,Other,,1,
chutiya,चूतीया,चुतिया,chutiya,5,1,Other,,1,
chutiyagiri,चूतीयागीरी,चुतियागिरी,chutiyagiri,5,1,Other,,1,
chhttho,चुत्थो,चुत्थो,chhttho,5,1,Other,,1,
chuplag,चुपलाग,चुपलाग,chuplag,1,0,Other,,,
churifuri,चुरिफुरि,चुरीफुरी,churifuri,1,0,Other,,,
chuleshi,चुलेसी,चुलेँसी,chulesi,1,0,Weapon,,,
chusnu,चुस्नु,चुस्नु,chusnu,1,0,Action,,1,
chela,चेला,चेला,chela,1,0,Relation,Politics,,
chod,चोद,चोद,chod,,,,,1,
choda,चोद,चोद,chod,,,,,1,
chor,चाेर,चोर,chor,1,0,Other,,,
chor,चोर,चोर,chor,1,0,Other,,,
chor mathi chandal,चाेर माथी चन्डाल,चोर माथी चण्डाल,chor mathi chandal,2,0,Idiom,,,
chordaka,चोरडाँका,चोरडाका,chordaka,2,0,Other,,,
cholo,चोर्नी,चोर्नी,chorni,4,0,Other,,,
,चोलो,चोलो,cholo,1,0,Cloth,,,
chhakka,छक्का,छक्का,chhakka,1,0,Gender,Sex and Porn,1,
chhaura,छाउरा,छाउरा,chhaura,1,0,Animal,,,
chhauri,छाउरी,छाउरी,chhauri,1,0,Animal,,,
chauro,छाउरो,छाउरो,chhauro,1,0,Animal,,,
chhada,छाडा,छाडा,chhada,2,0,Other,Sex and Porn,,
chhad,छाद,छाद,chhad,1,0,Excretion,,,
chhi,छि,छी,chhi,1,0,Other,Excretion,,
chi chhi,छी छी,छी छी,chhi chhi,1,0,Other,Excretion,,
chhura,छुरा,छुरा,chhura,1,0,Weapon,,,
chhuelaa,छेउला,छेउला,chheula,1,0,Other,plant?,,
chheparo,छेपारो,छेपारो,chheparo,1,0,Animal,,,
cher,छेर,छेर,chher,3,0,Excretion,,1,
chhauda,छौंडा,छौंडा,chhauda,2,0,Animal,,,
chhya chhya,छ्या छ्या,छ्या छ्या,chhya chhya,1,0,Other,Excretion,,
jagga dalal,जग्गा दलाल,जग्गा दलाल,jagga dalal,4,0,Other,,,
jangali,जंगली,जङ्गली,jangali,1,0,Other,Plant,,
jangali,जङ्गली,जङ्गली,jangali,1,0,Other,Plant,,
jangali,जङ्गली,जङ्गली,jangali,1,0,Other,Geographic Location,,
jata jata bahun baje utai utai swaha,जता जता बाहुन बाजे उतै उतै स्वाहा,जता जता बाहुन बाजे उतै उतै स्वाहा,jata jata bahun baje utai utai swahwa,3,0,Idiom,Race,,
janawar,जनावर,जनावर,janawar,1,0,Animal,,,
janai,जनै,जनै,janai,1,0,Race,,,
jantu,जन्तु,जन्तु,jantu,1,0,Animal,,,
jamana ka dekhi ka pugi sakeu ailepani/taipani,जमाना कहाँ देखि कहाँ पुगीसक्यो अहिलेपनि,जमाना कहाँदेखि कहाँसम्म पुगिसक्यो अहिलेपनि,jamana kahandekhi kahan samma pugisakyo ahile pani,1,0,Politics,,,
jalaunu,जलाउनु,जलाउनु,jalaunu,1,0,Action,,,
jantha,जाँठा,जाँठा,jantha,5,1,Body Part,Sex and Porn,1,
jhatha,जाँठा,जाँठा,jantha,5,1,Body Part,Sex and Porn,1,
janthi,जाँठी,जाँठी,janthi,5,1,Gender,Sex and Porn,1,
jatha,जाथो,जाठा,jatha,,,,,1,
jatho,जाँठो,जाँठो,jantho,5,1,Gender,Sex and Porn,1,
jatho,जाथो,जाँठो,jantho,5,1,Gender,Sex and Porn,1,
jathi,जाठी,जाथी,jathi,,,,,1,
janne palteko,जान्ने पल्टेको,जान्ने पल्टेको,janne palteko,3,0,Other,,,
jali,जाली,जाली,jaali,1,0,Other,,,
jiudai jalaunnu,जीउँदै जलाउनु,जीउँदै जलाउनु,jiudai jalaunu,3,0,Action,Death,,
jiudo murda,जीउदो मूर्दा,जीउँदो मूर्दा,jiudo murda,4,0,Death,,,
juttako mala,जुताको माला,जुताको माला,juttako mala,2,0,Other,,,
jun goru aye pani kano,जून गोरू आएपनी कानो,जुन गोरु आएपनि कानो,jun goru ayepani kano,3,0,Idiom,Politics,,
jumra,जूम्रा,जुम्रा,jumra,1,0,Animal,Body Part,,
jumra mareko,जूम्रा मारेको,जुम्रा मारेको,jumra mareko,1,0,Other,Body Part,,
jumro,जूम्राे,जुम्रो,jumro,1,0,Animal,Politics,,
je ayo tei,जे आयो त्यही,जे आयो त्यही,je ayo tyahi,1,0,Other,,,
je khayo tei,जे खायो त्यही,जे खायो त्यही,je khayo tyahi,1,0,Other,,,
je payo tei,जे पायो त्यही,जे पायो त्यही,je payo tyahi,1,0,Other,,,
jaisi,जैसी,जैसी,jaisi,1,0,Race,,,
jo chor usaiko thulo swar,जाे चाेर उसकै ठूलाे स्वर,जो चोर उसको ठूलो स्वर,jo chor usko thulo swar,3,0,Idiom,,,
jaan mara,ज्यानमारा,ज्यानमारा,jyanmara,2,0,Other,Politics,,
jhande,झन्डे,झन्डे,jhande,2,0,Other,,,
jhappad,झापड,झापड,jhapad,1,0,Action,,,
jhapali,झापाली,झापाली,jhapali,2,0,Geographic Location,,,
jharpat,झारपात,झारपात,jharpat,1,0,Plant,,,
jhare,झारे,झारे,jhare,2,0,Other,,,
jhat,झाट,झाट,jhat,,,,,1,
jharnu,झार्नु,झार्नु,jharnu,1,0,Action,,,
jhinga,झींगा,झिँगा,jhinga,1,0,Animal,,,
jhut,झूट,झुट,jhut,1,0,Other,,,
jhuse,झुसे,झुसे,jhuse,1,0,Other,Body Part,1,
jhola,झोला,झोला,jhola,1,0,Politics,,,
jhole,झोले,झोले,jhole,2,0,Politics,,,
jhakne,झ्याक्ने,झ्याक्ने,jhakne,5,1,Other,,,
jham,झवाम,झ्वाम,jhwam,1,0,Politics,,,
tanta khalas,टन्टा खलास,टन्टा खलास,tanta khalas,2,0,Other,,,
tanta saf,टन्टा साफ,टन्टा साफ,tanta saph,2,0,Other,,,
tapare,टपरे,टपरे,tapare,4,0,Race,,,
tauko,टाउको,टाउको,taauko,1,0,Body Part,,,
tathabatha,टाठावाठा,टाठाबाठा,tathabatha,1,0,Other,,,
tilo,टिलो,टिलो,tilo,3,0,Death,,,
tuppi,टुप्पी,टुप्पी,tuppi,1,0,Race,Body Part,,
tuppi,तूप्पी,टुप्पी,tuppi,1,0,Race,Body Part,,
tuppo,टुप्पो,टुप्पो,tuppo,1,0,Body Part,,,
tulutulu,टूलूटलू,टुलुटुलु,tulutulu,1,0,Other,,,
todko,टोड्को,टोड्को,todko,1,0,Other,Plant?,,
topalne,टोपल्ने,टोपल्ने,topalne,3,0,Other,,,
topi,तोपी,टोपी,topi,1,0,Cloth,Race,,
tumar,ट्यूमर,ट्युमर,tyumar,1,0,Disease,,,
twake,त्वाँके,ट्वाके,twanke,3,0,Other,,,
thag,ठग,ठग,thag,2,0,Other,,,
thag,ठ,ठग,thag,2,0,Other,,,
thankanu,ठन्कनु,ठन्कनु,thankanu,3,0,Vulgar,,1,
thamel,ठमेल,ठमेल,thamel,1,0,Geographic Location,Sex and Porn,,
thaharai,ठहर्यै,ठहरै,thaharai,1,0,Action,,,
thado,ठाँडो,ठाँडो,thando,1,0,Weapon,,,
this,थिस,ठिस,this,1,0,Other,,1,
dakar,डकार,डकार,dakar,1,0,Excretion,,,
dar chheruwa,डरछेरुवा,डरछेरुवा,darcheruwa,4,0,Other,,,
dalarbadi,डलरबादी,डलरबादी,dalarbadi,3,0,Politics,,,
dalarbhogo,डलरभोगी,डलरभोगी,dalarbhogi,3,0,Politics,,,
dalare,डलरे,डलरे,dalare,3,0,Politics,,,
daka,डाका,डाका,daka,1,0,Other,,1,
dakka,डाका,डाका,daka,1,0,Other,,1,
daka,डाँका,डाका,daka,1,0,Other,,1,
damna,डाम्ना,डाम्ना,damna,3,0,Race,,1,
daamnaa,डाम्ना,डाम्ना,damna,3,0,Race,,1,
damni,डाम्नी,डाम्नी,damni,3,0,Race,,1,
duku lanthak,डुकु लण्ठक,डुकुलण्ठक,dukulanthak,3,0,Other,,,
dukriyera,डूकृएर,डुक्रिएर,dukriyera,1,0,Other,Animal,,
dundo,डुँडो,डुँडो,dundo,4,0,Disability,,,
dan ki dan,ड्याङ की ड्याङ,ड्याङ कि ड्याङ,dyang ki dyang,1,0,Action,,,
dhakal,ढकाल,ढकाल,dhakal,1,0,Race,,,
dhakan,ढकन्,ढक्कन,dhakkan,1,0,Other,,,
dhikuti,धीकूती,ढुकुटी,dhukuti,1,0,Other,,,
dhedu,डेडू,ढेडु,dhedu,1,0,Animal,,,
ta,तँ,तँ,tan,1,0,Other,,,
ta gurung,तँ गुरुङ्,तँ गुरुङ्,tan gurung,4,0,Race,,,
ta magar,तँ मगर,तँ मगर,tan magar,4,0,Race,,,
tathanam,तथानाम,तथानाम,tathanam,1,0,Other,,,
tarwar,तरवार,तरवार,tarwar,1,0,Weapon,,,
taruni,तरूणी,तरूनी,taruni,2,0,Vulgar,Gender,,
talai na tukrai,तँलाई न टुक्राई,तँलाई न टुक्राई,tanlai na tukrai,4,0,Action,,,
taluwa chatera baseka,तलूवा चाटेर बसेका,तलुवा चाटेर बसेका,taluwa chatera baseka,5,1,Other,,,
tallo star,तल्लो स्तर,तल्लो स्तर,tallo estar,1,0,Other,,,
taskar,तस्कर,तस्कर,taskar,1,0,Politics,,,
taskar,तस्कर,तस्कर,taskar,1,0,Politics,,,
taskari,तस्करी,तस्करी,taskari,1,0,Politics,,,
tai na tui,ताई न तूई,ताईँ न तुईँ,tain na tuin,2,0,Other,,,
tatto na chharo,तातो न छारो,तातो न छारो,tatto na chharo,1,0,Other,,,
tatto na chharo,तात्तो न छारो,तातो न छारो,tatto na chharo,1,0,Other,,,
tanashahi,तानाशाही,तानाशाही,tanashahi,1,0,Politics,,,
timro bau,तिम्रो वाउ,तिम्रो बाउ,timro baau,3,0,Relation,,1,
tigre,तीघ्रे,तीघ्रे,tigre,2,0,Body Part,,,
tuchha,तुच्छ,तुच्छ,tuchha,2,0,Other,,,
tunturi,तुन्तुरी,तुन्तुरी,tunturi,4,0,Body Part,,1,
tera baau,तेरा बाउ,तेरा बाउ,tera baau,3,0,Relation,,1,
tero baje,तेराे बाजे,तेराे बाजे,tero baje,3,0,Relation,,1,
teri,तेरि,तेरी,teri,1,0,Relation,,,
terma ki chhut,तेरी माकीचूत,तेरी माकीचूत,teri maki chut,5,1,Other,Sex and Porn,1,
terima chor,तेरीमा चोर,तेरीमा चोर,terima chor,5,1,Other,,1,
terima jhekne,तेरीमॉ झेक्ने,तेरीमा झ्याक्ने,terima jhakne,5,1,Other,,1,
terima tokne,तेरीमा टोक्ने,तेरीमा टोक्ने,terima tokne,5,1,Other,,1,
terima tokne,तेरी मा टोक्ने,तेरीमा टोक्ने,terima tokne,5,1,Other,,1,
terima sala,तेरीमा साला,तेरीमा साला,terima sala,5,1,Relation,,1,
tero,तेरो,तेरो,tero baje,1,0,Relation,,,
tero akhama ratantho tero kaan bahiro ra tero dimak ma gobar bhariyeko chha,तेरो आँखामा रतन्धो तेरो कान बहीरो र तेरो दीमाखमा गोबर भरीएको छ,तेरो आँखामा रतन्धो तेरो कान बहिरो र तेरो दिमागमा गोबर भरिएको छ,tero ankhama ratandho tero kaan bahiro ra tero dimakma gobar bhariyeko chha,5,1,Other,,1,
tero tauko,तेरो टाउको,तेरो टाउको,tero taauko,3,0,Body Part,,,
tero todko,तेरो टोड्को,तेरो टोड्को,tero todko,3,0,Body Part,,,
tero bau,तेरो बाउ,तेरो बाउ,tero baau,3,0,Relation,,1,
tero baauko,तेरो बाऊ,तेरो बाउ,tero baau,3,0,Relation,,,
tero baau,तेरो बाऊ,तेरो बाउ,tero baau,3,0,Relation,,1,
tero bau,तेरो वाउ,तेरो बाउ,tero baau,3,0,Relation,,1,
tero baauko ladho,तेरो बाउको लाडो,तेरो बाउको लाडो,tero baauko ladho,5,1,Body Part,Relation,1,
tero baauko taauko,तेरो बाउको टाउको,तेरो बाउको टाउको,tero baauko tauko,5,1,Body Part,Relation,1,
tero baauko thado,तेरो बाउको ठाडो,तेरो बाउको टाउको,tero baauko tauko,5,1,Body Part,Relation,1,
tero hajurbau,तेरो हजुरवाउ,तेरो हजुरबाउ,tero hajurbau,4,0,Relation,,1,
tero harkat,तेरो हर्कत,तेरो हर्कत,tero harkat,2,0,Relation,,,
taile,तैंले,तैँले,tainle,1,0,Other,,,
toit,तोइट,तोइट,toit,1,0,Other,,,
tori,तोरी,तोरी,tori,1,0,Disability,Plant,,
torpini,तोर्पीनी,तोर्पीनी,torpini,4,0,Other,Sex and Porn,1,
torpe,तोर्पे,तोर्पे,torpe,4,0,Other,Sex and Porn,1,
torme,तोर्मे,तोर्मे,torme,4,0,Other,Sex and Porn,1,
teska baje,त्यस्का बाजे,त्यस्का बाजे,teska baje,2,0,Relation,,,
thanne,थाङ्ने,थाङ्ने,thangne,3,0,Other,,,
thu thu,थु थु,थु थु,thu thu,1,0,Other,Excretion,,
thuikka,थूइक्क,थुइक्क,thuikka,2,0,Other,Excretion,1,
thuikka buddhi,थूइक्क बूद्धी,थुइक्क बुद्धि,thuikka buddhi,3,0,Other,Excretion,1,
thuikka,थुईक्क,थुईक्क,thuikka,2,0,Other,Excretion,1,
thuk,थुक,थुक,thuk,1,0,Excretion,,,
thukka,ठुक्क,थुक्क,thukka,1,0,Other,Excretion,,
thukka,ठूक्क,थुक्क,thukka,1,0,Other,Excretion,,
thukka,थुक्क,थुक्क,thukka,1,0,Other,Excretion,,
tukka,थुक्क,थुक्क,thukka,1,0,Other,Excretion,,
thukka syaal,थुक्क स्याल,थुक्क स्याल,thukka syal,4,0,Animal,Excretion,1,
thutuno,थुतुनो,थुतुनो,thununo,3,0,Body Part,,,
thun,थुन,थुन,thun,3,0,Body Part,,1,
thuncholi,थुनचोली,थुनचोली,thuncholi,3,0,Cloth,,,
thepchhini,थेप्चीनी,थेप्चीनी,thepchini,5,1,Race,Gender,,
thepchhe,थेप्चे,थेप्चे,thepchhe,2,0,Race,Gender,,
thepche,थेप्चे,थेप्चे,thepchhe,2,0,Race,Gender,,
thoti,थोती,थोती,thoti,3,0,Disability,,,
thoti haseko,थोती हाँसेको,थोती हाँसेको,thoti hanseko,3,0,Disability,,,
danak,दनक,दनक,danak,1,0,Other,,,
danuwar,दनूवार,दनूवार,danuwar,1,0,Race,,,
damai,दमाई,दमाईं,damai,1,0,Race,,,
damini,दमीनी,दमिनी,damini,5,1,Race,,1,
daridra,दरिद्र,दरिद्र,daridra,1,0,Other,,,
daridra bichar,दरीद्र वीचार,दरिद्र विचार,daridra bichar,2,0,Other,,,
daro,दरो,दरो,daro,1,0,Other,,,
dalal,दलाल,दलाल,dalal,2,0,Politics,,,
dalaal,दलाल,दलाल,dalal,2,0,Politics,,,
dalal,द,दलाल,dalal,2,0,Politics,,,
dalal dhoti,दलाल धोती,दलाल धोती,dalal dhoti,5,1,Race,,1,
dalal hoss,दलाल होस,दलाल होस्,dalal hos,4,0,Other,,,
daijo,दाईजो,दाईजो,daijo,1,0,Marriage,,,
dauri,दाउरी,दाउरी,daauri,3,0,Marriage,,,
dadha,दादा,दादा,dada,1,0,Relation,,,
dada,दादा,दादा,dada,1,0,Relation,,,
dadagiri,दादागीरी,दादागिरी,dadagiri,2,0,Politics,,,
danab,दानव,दानव,danab,1,0,Religion,,,
das,दास,दास,daas,1,0,Other,,,
dasi,दासी,दासी,dasi,1,0,Other,,,
dari,दाह्री,दाह्री,darhi,1,0,Body Part,,,
dimak kharab,दीमाग खराब,दिमाग खराब,dimag kharab,1,0,Other,,,
dimakh ta khuskena,दिमाग त खुस्केन,दिमाग त खुस्केन,dimag ta khuskena,3,0,Other,,,
dimak navayako,दिमाख नभएको,दिमाग नभएको,dimag nabhayeko,4,0,Other,,,
dimak ma gu bhariyeka,दीमाग मा गू भरीएका,दिमागमा गु भरिएका,dimagma gu bhariyeka,4,0,Other,,,
dimak le kam ghardaina jasto x,दिमागले काम गर्दैन जस्तो छ,दिमागले काम गर्दैन जस्तो छ,dimagle kaam gardaina jasto chha,3,0,Other,,,
dimaagi santulan thik xaina,दिमागी सन्तुलन,दिमागी सन्तुलन,dimagi santulan,1,0,Disease,Disability,,
duipaisako buddhi,दुईपैसाको वुद्धि,दुई पैसाको बुद्धि,dui paisako buddhi,3,0,Idiom,Politics,,
dudh,दुध,दुध,dudh,1,0,Body Part,Sex and Porn,1,
dudh ko poka,दुधको पोका,दुधको पोका,dudh ko poka,,,,,1,
dudh ka poka,दुधका पोका,दुधका पोका,dudh ka poka,,,,,1,
durgandha,दुरगन्ध,दुर्गन्ध,durgandha,1,0,Other,Excretion,,
durbwabahar,दूव्र्यवाहर,दुर्व्यवहार,durbyabahar,1,0,Other,,,
dushit,दूषीत,दूषित,dushsit,1,0,Other,,,
dustha,दूष्ट,दूष्ट,dustha,1,0,Other,,,
dekha jayega,देखा जाएगा,देखा जाएगा,dekha jayega,1,0,Other,Imported,,
desdrohi,देशद्रोही,देश द्रोही,desh drohi,2,0,Politics,,,
desh drohi,देशद्रोही,देश द्रोही,desh drohi,2,0,Politics,,,
deshdrohi,देशद्रोही,देश द्रोही,desh drohi,2,0,Politics,,,
desdrohi,देसदोरीही,देश द्रोही,desh drohi,2,0,Politics,,,
desh lutera,देश लूटेरा,देश लुटेरा,desh lutera,2,0,Politics,,,
dogla,दोगला,दोगला,dogala,3,0,Other,Imported,,
dhrohoi,द्रोही,द्रोही,drohi,1,0,Politics,,,
dhhajji udaunuhunchha,धजी उडाउनूहून्छ,धज्जी उडाउनु,dhajji udaaunu,2,0,Other,,,
dhamira,धमीरा,धमिरा,dhamira,1,0,Animal,,,
dhikkar chha,धिक्कार छ,धिक्कार छ,dhikkar chha,1,0,Other,,,
dhundukari,धुन्दुकारी,धुन्धुकारि,dhundukari,3,0,Other,,,
dhoti,धोती,धोती,dhoti,1,0,Cloth,Race,,
dhoti,धोती,धोती,dhoti,1,0,Race,Cloth,,
dhoti ko gu,धोतीको गु,धोतीको गु,dhotiko gu,4,0,Race,Excretion,1,
dhoti ko chhauro,धाेतिकाे छाउराे,धोतीको छाउरो,dhotiko chhauro,5,1,Race,Animal,1,
dhotini,धोतीनी,धोतीनी,dhotini,5,1,Race,,1,
nakachara,नकचरा,नकचरो,nakacharo,3,0,Other,,,
na khok,नखोक,नखोक,nakhoka,2,0,Other,,,
nakhok,नखोक,नखोक,nakhoka,2,0,Other,,,
nangyayera,नङ्गयाएर,नङ्ग्याएर,nagyayera,1,0,Other,,1,
napunsak,नपुंसक,नपुंसक,napunsak,5,1,Gender,,1,
namchine ping ko jhadka,नमच्चिने पिंङ्गको झड्का,नमच्चिने पिङको झड्का,namachhine pingko jhadka,1,0,Idiom,,,
namchine ping ko saye jhadka,नमचिने पिङको सय झड्का,नमच्चिने पिङको सय झड्का,namachhine pingko saya jhadka,1,0,Idiom,,,
namuna,नमुना,नमुना,namuna,1,0,Other,,,
naike,नाईके,नाइके,naike,1,0,Politics,,,
naiti,नाईटी,नाईटी,naiti,1,0,Cloth,,1,
nangechar,नांगेझार,नाङ्गेझार,nangejhar,2,0,Other,Plant,,
nachhan najanne angan tedho,नाच्न नजान्ने आँगन टेडो,नाच्न नजान्ने आँगन टेडो,nachha najanne aagan tedho,2,0,Idiom,,,
najayaj,नाजायज,नाजायज,najayaj,1,0,Marriage,,1,
natabad,नाताबाद,नातावाद,natabad,1,0,Politics,,,
namarda,ना मरदा,नामर्द,namarda,4,0,Other,,1,
namarda,नामर्द,नामर्द,namarda,4,0,Other,,1,
naal,नाल,नाल,naal,1,0,Weapon,,,
naalaayak,नालायक,नालायक,nalayak,2,0,Other,Politics,,
nalayak,नालायक,नालायक,nalayak,2,0,Other,Politics,,
nikamma,निकम्मा,निकम्मा,kikamma,2,0,Politics,,,
nikamma,नीकम्मा,निकम्मा,nikamma,3,0,Politics,,,
nich,निच,निच,nich,2,0,Other,,,
nech,निच,निच,nich,2,0,Other,,,
neech,नीच,निच,nich,2,0,Other,,,
nich bhavana,नीच भावना,निच भावना,nich bhawana,3,0,Other,,,
nicho,निचो,निचो,nicho,2,0,Other,,,
nimna kotiko,निम्न कोटिको,निम्न कोटिको,nimna kotiko,1,0,Other,,,
nun khayeko kukhura,नुन खाएको कुखुरा,नुन खाएको कुखुरा,nun khayeko khukura,1,0,Idiom,,,
nepar,नेपार,नेपर,nepar,4,0,Vulgar,,,
niparnu,निपर्नु,नेपर्नु,neparnu,4,0,Vulgar,,,
nepti,नेप्टी,नेप्टी,nepti,4,0,Race,,,
nepte,नेप्टे,नेप्टे,nepte,4,0,Race,,,
newar,नेवार,नेवार,newar,1,0,Race,,,
newarni,नेवार्नी,नेवार्नी,newarni,4,0,Race,,,
nokar,नोकर,नोकर,nokar,1,0,Politics,,,
nokarshahi,नोकरशाही,नोकरसाही,nokarsahi,1,0,Politics,,,
nautanki,नौटन्कि,नौटङ्की,nautanki,2,0,Other,,,
pakhani,पखेनी,पखेनी,pakheni,4,0,Race,,,
pagalni,पागल्नी,पगली,pagali,4,0,Disease,,,
pangu,पङु,पङ्गु,pangu,3,0,Other,,,
patit,पतित,पतित,patit,2,0,Other,,,
patrukar,पत्रूकार,पत्रकार,patrakar,4,0,Other,,,
pattur,पत्तुर,पत्रु,patru,4,0,Other,,,
patru,पत्रु,पत्रु,patru,4,0,Other,,,
pashu,पशु,पशु,pashu,1,0,Animal,,,
pahade,पहाडे,पहाडे,pahade,3,0,Race,,,
pakhanda,पाखण्ड,पाखण्ड,pakhanda,2,0,Other,,,
pakhandi,पाखन्डी,पाखण्डी,pakhandi,2,0,Other,,1,
pakhandee,पाखन्डी,पाखण्डी,pakhandi,2,0,Other,,1,
pakhra surkinchha,पाखुरा सुर्किन्छ,पाखुरा सुर्किनु,pakhura surkinu,1,0,Action,,,
pake,पाखे,पाखे,pakhe,4,0,Race,,1,
pakhe,पाखे,पाखे,pakhe,4,0,Race,,1,
pakheni,पाखेनी,पाखेनी,pakheni,5,1,Race,,1,
pagal,पागल,पागल,pagal,2,0,Disability,Disease,,
paagal,पागल,पागल,pagal,2,0,Disability,Disease,,
pagl,पागल,पागल,pagal,2,0,Disability,Disease,,
pagal sala,पागल साला,पागल साला,pagal sala,5,1,Disability,Disease,1,
pagal khana,पागलखाना,पागलखाना,pagalkhana,4,0,Geographic Location,Disability,,
paaji,पाजी,पाजी,paji,2,0,Other,,1,
paji,पाजी,पाजी,paji,3,0,Other,,1,
patheghar,पाठेघर,पाठेघर,patheghar,1,0,Body Part,Sex and Porn,,
paat,पात,पात,paat,1,0,Plant,,,
pataki,पातकि,पातकी,pataki,4,0,Other,,,
pataki,पातकी,पातकी,pataki,4,0,Other,,,
pattaki,पात्तकी,पातकी,pataki,4,0,Other,,,
pad,पाद,पाद,paad,3,0,Excretion,,,
pani pade,पानी पादे,पानी पादे,pani pade,4,0,Excretion,,,
pap,पाप,पाप,paap,1,0,Other,,,
papi,पापी,पापी,papi,1,0,Religion,,,
papro,पाप्रो,पाप्रो,papro,1,0,Disease,,,
parpachhuke,पारपाचुके,पारपाचुके,parpachuke,1,0,Marriage,,,
paltu kukur,पाल्तु कुकुर,पाल्तु कुकुर,paltu kukur,2,0,Animal,,,
pipaasu,पिपासु,पिपासु,pipasu,2,0,Religion,,,
pisach,पिसाच,पिसाच,pichac,1,0,Death,,,
puchhar,पुच्छर,पुच्छर,puchhar,1,0,Body Part,,,
puttho,पुठ्ठो,पुट्ठो,puttho,1,0,Body Part,,,
puti,पुती,पुती,puti,5,1,Body Part,,1,
puti,पुती,पुती,puti,5,1,Vulgar,,1,
puti,पुति,पुती,puti,5,1,Body Part,,1,
petikot,पेटिकोट,पेटीकोट,petikot,1,0,Cloth,,,
penti,पेन्टी,पेन्टी,penti,2,0,Cloth,,,
paisa na saisa tiki tyas tyas,पैसा न सैसा टिकी ट्यास ट्यास,पैसा न सैसा टिकी ट्यास ट्यास,paisa na saisa tiki kyas tyas,1,0,Idiom,,,
pothe baseko,पोथी बासेको,पोथी बासेको,pothi baseko,4,0,Gender,,,
pratikriyabadi,,प्रतिक्रियावादी,pratikyiyabadi,1,0,Politics,,,
prabhu,प्रभू,प्रभु,prabhu,1,0,Religion,Politics,,
fuck,फक,फक,phak,5,1,Vulgar,Imported,1,1
fatah,फटाहा,फटाहा,phataha,1,0,Other,,0,1
fataha,फटाहा,फटाहा,phataha,1,0,Other,,0,1
phataha,फटाहा,फटाहा,pathaha,1,0,Other,,0,1
fataha,फताहा,फटाहा,phataha,1,0,Other,,0,1
phalamko chiura,फलामको चिउरा,फलामको चिउरा,phalamko chiura,1,0,Idiom,,,0
facho,फाँचो,फाँचो,phancho,2,0,Body Part,,0,0
phasist,फासिस्ट,फासिस्ट,phasista,1,0,Politics,,0,0
Fashiii de,फाँसि दे,फाँसी दिनु,phasi dinu,2,0,Other,,0,0
phirauti,फीरौती,फिरौती,phiraute,1,0,Other,,0,0
fuchhe,फुच्चे,फुच्चे,phhuchhe,1,0,Other,,0,0
phhuchhe,फूच्चे,फुच्चे,phhuchhe,1,0,Other,,0,0
phusi,फूसी,फुसी,phusi,5,1,Vulgar,,1,
fedd na tuppo ko,फेद न टुप्पोको,फेद न टुप्पाको,phed na tuppako,1,0,Idiom,,0,0
fodxuh,फोड्छु,फोड्नु,phodnu,1,0,Action,,0,0
phohori,फोहोरी,फोहोरी,phohori,1,0,Other,,0,1
bakbak,वकवक,बकबक,bakbak,2,0,Disability,,0,0
bakamphus,बकम्फुस,बकम्फुस,bakamphuse,3,0,Other,,0,1
bakamphus,वकम्फूस,बकम्फुस,bakamphuse,3,0,Other,,0,1
bakamphhuse,बकम्फूसे,बकम्फुसे,bakamphuse,3,0,Other,,0,1
badamphuse,बदमफूसे,बकम्फुसे,bakamphuse,3,0,Other,,0,1
bukumphuse,बूकूम फूशे,बकम्फुसे,bakamphuse,3,0,Other,,0,1
bakbaas,बकवास,बकवास,bakbas,2,0,Other,,0,1
bakbas,बक्बास,बकवास,bakbas,2,0,Other,,0,1
bakabas,वकवास,बकवास,bakbas,2,0,Other,,0,1
bangur,बङुर,बङ्गुर,bangur,1,0,Animal,,0,0
bajiya,बजिया,बजिया,bajiya,4,0,Other,,1,0
bajiya,वज्या,बजिया,bajiya,4,0,Other,,1,0
barta boldaixas,वढ्ता वोल्छस्,बढ्ता बोल्नु,badta bolnu,4,0,Other,,0,1
batase,बतासे,बतासे,batase,4,0,Marriage,,0,1
badanam,बदनाम,बदनाम,badnam,2,0,Other,,0,1
badamas,बदमास,बदमास,badmas,4,0,Other,,0,1
banduk,वन्दुक,बन्दुक,banduk,1,0,Weapon,,0,0
barma,वर्मा,बर्मा,barma,1,0,Geographic Location,,0,0
balatkar,बलात्कार,बलात्कार,balatkar,1,0,Action,Sex and Porn,1,
balatkari,बलत्कारी,बलात्कारी,balatkari,4,0,Other,Sex and Porn,1,
bahiro,वहिरो,बहिरो,bahiro,4,0,Disability,,0,1
bahula,बहुला,बहुला,bahula,4,0,Disease,,0,1
baulaha,बहुुलाहा,बहुला,bahula,4,0,Disease,,0,1
baifale,वाईफाले,बाइफाले,baiphale,5,1,Other,,0,1
bau,वाउ,बाउ,baau,1,0,Relation,,0,0
baauko bihe,वाउको विहे,बाउको बिहे,bahuko bihe,4,0,Marriage,,0,1
bakhrale khayeko biruwa ra bahunle khayeko desh,बाख्राले खाएको बीरूवा र बाहूनले खाएको देश,बाख्राले खाएको बिरुवा र बाहुनले खाएको देश,bakhale khayeko biruwa ra bahunle khayeko desh,4,0,Race,,0,1
bakhri,वाख्री,बाख्री,bakhri,1,0,Animal,Gender,0,0
banji,बाझी,बाँझी,banjhi,5,1,Marriage,,1,
banjo,बाझो,बाँझो,banjho,1,0,Marriage,,1,
badar,वाँदर,बाँदर,bandar,1,0,Animal,,0,1
badarni,वाँँदर्नी,बाँदर्नी,badarni,4,0,Animal,,0,1
badshaha,बाद्शाहा,बादसाह,badsah,1,0,Politics,,0,0
bame,बामे,बामे,bame,4,0,Politics,,0,0
balnu,वाल्नु,बाल्नु,balnu,1,0,Action,,0,0
baahun,बाहुन,बाहुन,bahun,1,0,Race,,0,0
bahun,बाहुन,बाहुन,bahun,1,0,Race,,0,0
bahun katha,बाहुन काठा,बाहुन काठा,bahun katha,4,0,Race,,0,0
bahun chhetri,बाउन छेत्री,बाहुन क्षत्री,bahun kshatri,1,0,Race,,0,0
bahun bhai,बाहुन भाई,बाहुन भाइ,bahun bhai,4,0,Race,,0,1
baunle,वाउनले,बाहुनले,bahunle,4,0,Race,,0,1
bahunbad,बाहुनबाद,बाहुनवाद,bahunbad,4,0,Race,,0,1
baahunbaad,वाहुनवाद,बाहुनवाद,bahunbad,4,0,Race,,0,1
baaunbaad,वाहुनवाद,बाहुनवाद,bahunbad,4,0,Race,,0,1
bahuni,बाहुनी,बाहुनी,bahuni,4,0,Race,,0,1
bidhuwa,बिधुवा,बिधुवा,bidhuwa,3,0,Marriage,,0,1
billa,बिल्ला,बिल्ला,billa,4,0,Other,,0,1
budhi,वुढी,बुढी,budhi,2,0,Gender,,0,0
budhikanya,बुढीकन्या,बुढीकन्या,budhikannya,4,0,Marriage,Gender,0,1
budha,बुढा,बुढो,budho,1,0,Gender,,0,0
budho,वुढो,बुढो,budho,1,0,Gender,,0,0
budhhi,बूद्दी,बुद्धि,buddhi,1,0,Other,,0,0
buddhima kira parera,बूद्धी माँ कीरा परेर,बुद्धिमा कीरा पर्नु,buddhima kira parnu,4,0,Other,,0,1
burjuwa,बूर्जूवा,बुर्जुवा,burjuwa,3,0,Other,,0,0
buhari,बुहारी,बुहारी,buhari,1,0,Marriage,,0,0
bekamma,बेकम्मा,बेकम्मा,bekamma,4,0,Other,,0,1
bekar chha,बेकार छ,बेकार छ,bekar chha,1,0,Other,,0,0
bebakuf,बेवकुफ,बेवकुफ,bewakuph,4,0,Other,,0,1
bebakuf,वेकुफ,बेवकुफ,bewakuph,4,0,Other,,0,1
bebakup,वेफकुप,बेवकुफ,bewakuph,4,0,Other,,0,1
bewakuf,वेवकुफ,बेवकुफ,bewakuph,4,0,Other,,0,1
bewakuf,वेेवकूफ,बेवकुफ,bewakuph,4,0,Other,,0,1
bokako mukhma kubhindo,बोकाको मूखमा कूभीण्डो,बोकाको मुखमा कुभिन्डो,bokako mukhma kubhindo,1,0,Idiom,,0,1
boke,बोके,बोके,boke,3,0,Animal,,1,
boka,बोका,बोको,boko,1,0,Animal,,1,
boksi,बोक्सी,बोक्सी,boksi,5,1,Other,,0,1
boksa,बोक्सा,बोक्सो,bokso,5,1,Other,,0,1
bokso,बोक्सो,बोक्सो,bokso,5,1,Other,,0,1
bol khate,वोल खाते,बोल खाते,bol  khate,5,1,Other,,0,1
baulaha,बौलाहा,बौलाहा,baulaha,2,0,Disease,,0,1
baaulaha,वौलाहा,बौलाहा,baulaha,4,0,Disease,,0,1
baulahi,बौहुलाही,बौलाही,baulahi,5,1,Disease,,0,1
boulai,वौैलाई,बौलाही,baulahi,5,1,Disease,,0,1
bra,ब्रा,ब्रा,bra,4,0,Cloth,Imported,1,1
bra ,व्रा,ब्रा,bra,4,0,Cloth,Imported,1,1
bra laal,ब्रा लाल ,ब्रा लाल ,bra laal,4,1,Cloth,Imported,1,1
bramhanbadi,ब्राम्हणवादी,ब्राम्हणवादी,bamhanbadi,4,0,Race,,0,0
blue,ब्लु,ब्लु,blue,1,0,Vulgar,Imported,0,0
bwaso,व्वासो,ब्वाँसो,bwanso,1,0,Animal,,0,0
vaduwa,भडूबा,भँडुवा,bhanduwa,5,1,Other,,0,1
bhaduwa,भाँडुवा,भँडुवा,bhanduwa,5,1,Other,,0,1
bhatuwa,भतुवा,भतुवा,bhanduwa,5,1,Other,,0,1
bhatuwa,भतुवा,भतुवा,bhatuwa,5,1,Other,,0,1
vatuwa,भतुवा,भतुवा,bhatuwa,5,1,Other,,0,1
bhanaudo,भनाउदा,भनाउँदा,bhanauda,3,0,Other,,0,1
bhariya,भरिया,भरिया,bhariya,1,0,Politics,,0,0
baraute,भरौटे,भरौटे,bharaute,4,0,Politics,,,
varkhar umrekaa challa,भर्खर उम्रेका चल्ला,भर्खर उम्रेका चल्ला,bharkhar umreka chhalla,1,0,Idiom,Animal,0,1
varjin,भर्जिन,भर्जिन,bharjin,5,1,Vulgar,Imported,1,
virgin,भर्जीन,भर्जिन,bharjin,5,1,Vulgar,Imported,1,
bhak muji,भाक मूजी,भाक मुजी,bhak mujhi,5,1,Vulgar,,1,
bhada,भाडा,भाडा,bhada,1,0,Politics,,0,0
bhatmara,भातमारा,भातमारा,bhatmara,4,0,Other,,0,1
bhate,भाते,भाते,bhate,4,0,Politics,,0,1
bhate,भातेे,भाते,bhate,4,0,Other,,0,1
vayan chod,भायन चोद,भायन चोद,bhayan chod,5,1,Other,Imported,1,
bhala,भाला,भाला,bhala,1,0,Weapon,,0,0
bhalu,भालु,भालु,bhalu,1,0,Animal,Sex and Porn,1,
vallu,भालु,भालु,bhalu,1,0,Animal,Sex and Porn,1,
valu,भालुु,भालु,bhalu,1,0,Animal,Sex and Porn,1,
bhik dinu,भीख दिनु,भिख दिनु,bhikh dinu,2,0,Politics,,0,0
bhik magnu,भिख माग्नु,भिख माग्नु,bhikh magnu,4,0,Politics,,0,0
bhikhari,भिकारी,भिखारी,bhikhari,4,0,Other,,,1
vikari,भिखारी,भिखारी,bhikhari,4,0,Other,,,1
bhikari,भिखारी,भिखारी,bhikhari,4,0,Other,,,1
bhikari,भीखारी,भिखारी,bhikhari,4,0,Other,,,1
bhiringi,भिरिङ्गी,भिरिङ्गी,bhiringi,5,1,Disease,Sex and Porn,1,
bhuknu,भुक्नु,भुक्नु,bhuknu,1,0,Other,Animal,,1
vukyo,भुक्यो,भुक्नु,bhuknu,1,0,Other,Animal,,1
bhut,भुत,भुत,bhut,1,0,Religion,Death,,
bhutrako,भूत्राको,भुत्राको,bhutrako,5,1,Other,Body Part,1,
bhutroko,भूत्रोको,भुत्राको,bhutrako,5,1,Other,Body Part,1,
bhutro,भुत्रो,भुत्रो,bhutro,5,1,Body Part,,1,
bhutla,भुत्ला,भुत्ला,bhutla,1,0,Body Part,,1,
vutla,भुत्ला,भुत्ला,bhutla,1,0,Body Part,,1,
bhusuna,भुसुना,भुसुनु,bhusunu,1,0,Animal,,,0
bheja,भेजा,भेजा,bheja,2,0,Other,,,
bheda,भेडा,भेडा,bheda,1,0,Animal,,,1
bhedaaa,भेडा,भेडा,bheda,1,0,Animal,,,1
veada,भेडा,भेडा,bheda,1,0,Animal,,,1
veda,भेडा,भेडा,bheda,1,0,Animal,,,1
bheda janta,भेडा जन्ता,भेडा जनता,bheda janata,4,0,Politics,Animal,,1
bhedaaa haru,भेडाहरु,भेडाहरु,bhedharu,1,0,Animal,Animal,,1
bhedo,भेडो,भेडो,bhedo,4,0,Animal,,,1
bhele,भेले,भेले,bhele,5,1,Race,,0,1
vely,भेले,भेले,bhele,5,1,Race,,0,1
bhai topalchha,भै टोपल्छ,भै टोपल्नु,bhai topalnu,4,0,Other,,,1
bhai topalne,भई टोपल्ने,भै टोपल्ने,bhai topalnu,4,0,Other,,,1
bhaiya,भैया,भैया,bhaiya,4,0,Race,,0,0
bhaisi,भैंसी,भैंसी,bhaisi,1,0,Animal,,0,0
bhaishe,भैंसे,भैंसे,bhaise,4,0,Animal,,0,0
bhogbilas,भोगविलास,भोगविलास,bhogbilas,2,0,Other,,,
bhotini,भोटीनी,भोटिनी,bhotini,4,0,Race,,,1
bhote,भोटे,भोटे,bhote,4,0,Race,,,1
bhosada,भोसडी,भोसदा,bhosada,4,1,Other,,1,
bhosada,भोसडा,भोसदा,bhosada,4,1,Other,,1,
bhosadi,भोसड़ी,भोसड़ी,bhosadi,5,1,Other,Imported,1,
bhosadi,भोसदी,भोसदी,bhosadi,5,1,Other,Imported,1,
bhosadi,भोसडी,भोसडी,bhosadi,5,1,Other,,1,
bhram,भ्रम,भ्रम,bhram,1,0,Other,,0,0
bhrasta,भ्रष्ट,भ्रष्ट,bhrastha,4,0,Politics,,0,1
bhastrachar,भ्रष्टाचार,भ्रष्टाचार,bhrastachar,1,0,Politics,,0,0
magaj khuskiyo,मगज खूस्कीयो,मगज खुस्किनु,magaj khuskinu,4,0,Disease,,0,1
magante,मगन्ते,मगन्ते,magante,4,0,Other,,0,0
magar,मगर,मगर,magar,1,0,Race,,,
majhuwa,मझुवा,मझुवा,majhuwa,4,0,Other,,,
madise,मदिसे,मदिसे,badise,5,1,Race,,0,1
mandale,मन्डले,मन्डले,bandale,3,0,Politics,,0,1
mapai,मपाई,मपाईँ,mapai,2,0,Other,,0,0
mapai,मपाईं,मपाईं,mapai,2,0,Other,,0,0
maranchyase,मरनच्याँसे,मरन्च्याँसे,maranchyase,4,0,Other,,0,1
maranchyase,मरन्च्याँसे,मरन्च्याँसे,maranchyase,4,0,Other,,0,1
marossssss,मरोस,मरोस,maros,2,0,Disease,,0,1
marna nasakeka,मर्न नसकेका,मर्न नसकेको,marna nasakeko,4,0,Disease,,0,1
masan,मसान,मसान,masan,1,0,Death,,0,0
maha this,महा थीस,महाठिस,mathis,5,1,Other,,1,1
mahapapi,महापापी,महापापी,mahapapi,4,0,Other,,0,1
mahasaya,महासय,महासय,mahasaya,1,0,Other,,0,0
maobadi,मावोवादी,माओवादी,maobadi,1,0,Politics,,0,0
ma ki,मा कि,माकि,maki,5,1,Other,,1,
makichut,माकिचुत,माकिचुत,makichut,5,1,Other,,1,
magne,माग्ने,माग्ने,magne,1,0,Other,,0,0
machikne,माचिक्ने,माचिक्ने,machiknne,5,1,Vulgar,,1,
mc,माचिक्ने,माचिक्ने,machiknne,5,1,Vulgar,,1,
machikne,माच्चिक्ने,माच्चिक्ने,machiknne,5,1,Vulgar,,1,
mc mujii,माचिक्ने मुजी,माच्चिक्ने मुजी,machiknne mujhi,5,1,Vulgar,,1,
majhakne,माझ्याक्ने,माझ्याक्ने,majhakne,5,1,Vulgar,,1,
made,माडे,माडे,made,5,1,Race,,1,
madnu,माड्नु,माड्नु,madnu,1,0,Vulgar,,1,
madhr,मादर,मादर,madar,5,1,Vulgar,,1,
madar chut,मादरचुत,मादरचुत,madarchut,5,1,Vulgar,,1,
madharchod,मादरचुत,मादरचुत,madarchut,5,1,Vulgar,,1,
maderchod,मादरचोत,मादरचुत,madarchut,5,1,Vulgar,,1,
madharchod,मादरचोत,मादरचुत,madarchut,5,1,Vulgar,,1,
madarchod,मादरचोद,मादरचुत,madarchut,5,1,Vulgar,,1,
madarchod,मादर्चोद,मादरचुत,madarchut,5,1,Vulgar,,1,
maanashik rogi,मानसिक रोगी,मानसिक रोगी,manasik rogi,1,0,Disease,,,
manasik rogi,मानसीक रोगी,मानसिक रोगी,manasik rogi,1,0,Disease,,,
maphiya,माफिया,माफिया,maphiya,2,0,Politics,,,
maphiya,माफीया,माफिया,maphiya,2,0,Politics,,,
marna,मार्न,मार्न,marna,1,0,Action,,,1
marnu,मार्नु,मार्नु,marnu,1,0,Action,Death,,1
maarnu,मार्नु,मार्नु,marnu,1,0,Action,Death,,1
marne,मार्ने,मार्ने,marnu,1,0,Action,,,1
maal,माल,माल,maal,1,0,Other,,1,
mukha samalera bol,मुख सम्हालेर वोल,मुख सम्हालेर बोल्नु,mukh samhalera bolnu,4,0,Other,,,1
muji,मुजि,मुजी,mujhi,5,1,Body Part,,1,
mg,मुजी,मुजी,mujhi,5,1,Body Part,,1,
muge,मुजी,मुजी,mujhi,5,1,Body Part,,1,
mujee,मुजी,मुजी,mujhi,5,1,Body Part,,1,
muji,मुजी,मुजी,mujhi,5,1,Body Part,,1,
muji khate,मुजी खाते,मुजी खाते,mujhi khate,5,1,Other,Mixed,1,
mujji dhoti,मुजी धोती,मुजी धोती,mujhi dhoti,5,1,Race,,1,
muji bhatuwa,मुजी भतुवा,मुजी भतुवा,mujhi bhatuwa,5,1,Other,Mixed,1,
muji randi,मुजी रण्डी,मुजी रण्डी,bujhi randi,5,1,Vulgar,,1,
mut,मुत,मुत,mut,5,1,Excretion,,1,
muth,मुथ,मुथ,muth,,,,,1,
muth,मुठ,मुठ,muth,,,,,1,
muntiyechha,मून्टीएछ,मुन्टिनु,muntinu,3,0,Other,,,1
munto,मुन्टो,मुन्टो,munto,1,0,Body Part,,1,
murga,मुर्गा,मुर्गा,murga,1,0,Animal,Imported,,1
murgi,मुर्गी,मुर्गी,murgi,1,0,Animal,Imported,,1
murda,मुर्दा,मुर्दा,murda,1,0,Death,,,1
murda,मूर्दा,मुर्दा,murda,1,0,Death,,,1
murdabad,मूर्दाबाद,मुर्दावाद,murdabaad,2,0,Other,,,1
murdini,मुर्दीनी,मुर्दीनी,murdini,5,1,Death,,1,
mulankhare,मुल्ङ्गखरे,मुल्ङ्गखरे,mulankhare,5,1,Other,,1,
mulankhare,मूल्ङ्गखरे,मुल्ङ्गखरे,mulankhare,5,1,Other,,1,
murkha,मुर्ख,मूर्ख,murkha,4,0,Other,,,1
murha,मुर्ख,मूर्ख,murkha,4,0,Other,,,1
patmurkha,पटमूर्ख,पटमूर्ख,patmurkha,4,0,Other,,,1
mula,मुला,मूला,mula,1,0,Plant,,,1
mula,मूला,मूला,mula,1,0,Plant,,,1
mulasag,मूलासाग,मूलासाग,mulasag,4,0,Plant,,,1
maithun,मैथुन,मैथुन,maithun,5,1,Vulgar,,1,
motibindu,मोतीबीन्दू,मोतीबिन्दु,motibindu,1,0,Disease,,,1
yeslai marna,येस्लाई मार्न,यसलाई मार्नु,yaslai marnu,4,0,Action,,,1
ryal kadera,रयाल काढेर,याल काढेर,ryal kadera,4,0,Other,Excretion,,1
yo bahun,यो वाहुन,यो बाहुन,yo bahun,3,0,Race,,,1
yoni,योन,योनी,yoni,5,1,Body Part,,1,
yoni,योनी,योनी,yoni,5,1,Body Part,,1,
yaunanga,यौनाङ्ग,यौनाङ्ग,yaunaga,3,0,Body Part,,1,
ranga pherne chheparo,रंग फेर्ने छेपारो,रङ फेर्ने छेपारो,rang pherne chheparo,1,0,Idiom,Animal,0,1
ratandho,रतन्धो,रतन्धो,ratandho,1,0,Disease,,0,1
ratna park,रत्न पार्क,रत्नपार्क,ratnapark,1,0,Geographic Location,,0,0
Ratna park,रत्नपार्क,रत्नपार्क,ratnapark,1,0,Geographic Location,,0,0
randa,रन्डा,रन्डा,randa,5,1,Marriage,Death,1,
randi,रन्डी,रन्डी,randi,5,1,Marriage,Death,1,
rondi,रन्डी,रन्डी,randi,5,1,Marriage,Death,1,
rondii,रन्डी,रन्डी,randi,5,1,Marriage,Death,1,
randi,रन्दि,रन्डी,randi,5,1,Marriage,Death,1,
randiki chhori,रन्डीकी छोरी,रन्डीकी छोरी,randiki chhori,5,1,Relation,,1,
randiko aulat,रन्डीको औलात,रन्डीको औलात,randiko aaulat,5,1,Relation,Code Switch,1,
randi ko xora,रन्डीको छोरा,रन्डीको छोरा,randiko chhora,5,1,Relation,,1,
randiko xoro,रन्डीको छोरा,रन्डीको छोरा,randiko chhori,5,1,Relation,,1,
randiko chhoro,रन्डीको छोरो,रन्डीको छोरो,randiko bahan,5,1,Relation,,1,
randiko ban,रन्डी को बान,रन्डीको वहान,randiko bahan,5,1,Relation,,1,
randiko ban,रन्डीकोबान,रन्डीको वहान,randiko bahan,5,1,Relation,,1,
randikhana,रन्डीखाना,रन्डीखाना,randikhana,5,1,Vulgar,,1,
rango,राग,रन्डो,rando,5,1,Marriage,Death,1,
rando,रन्डो,रन्डो,rando,5,1,Marriage,Death,1,
rai,राई,राई,raai,1,0,Race,,,1
raini,रईनि,राईनी,raini,4,0,Race,,,1
rakchhas,राक्षस,राक्षस,rakchhas,1,0,Religion,Animal,1,
rakshyas,राक्षस,राक्षस,rakchhas,1,0,Religion,Animal,1,
rakchhesni,राक्षस्नी,राक्षस्नी,rakchhasni,4,0,Religion,Animal,1,
rachi,राची,राँची,ranchhi,1,0,Geographic Location,Disease,,
rachi,राँची,राँची,ranchhi,1,0,Geographic Location,Disease,,
radi,राडी,राँडी,randi,5,1,Marriage,,1,
raadi,राँडी,राँडी,randi,5,1,Marriage,,1,
randi,राँडी,राँडी,randi,5,1,Marriage,,1,
radiko xora,राडीको छोरा,राँडीको छोरा,randiko chhora,5,1,Relation,Marriage,1,
radiko ban,राँडी को बान,राँडीको वहान,randiko bahan,5,1,Relation,Marriage,1,
randiko ban,राँडीकोबान,राँडीको वहान,randiko bahan,5,1,Relation,Marriage,1,
rado,राँडो,राँडो,raando,5,1,Marriage,,1,
rastraghati,राष्ट्रघाती,राष्ट्रघाती,rastraghati,3,0,Politics,,,1
rastraghati,रास्ट्र घाती,राष्ट्रघाती,rastraghati,3,0,Politics,,,1
rastradrohi,राष्ट्रद्रोही,राष्ट्रद्रोही,rastradrohi,3,0,Politics,,,1
rebij,रेबीज,रेबीज,rebij,1,0,Disease,,,
rogi,रोगी,रोगी,rogi,1,0,Disease,,,1
ryal,र्याल,र्,ryal,1,0,Excretion,,,
ryal chuhayeko,र्याल चुहाएको,र्,ryral chuhaunu,3,0,Other,Excretion,,1
lakhetnu,लखेट्नू,लखेट्नु,lakhetnu,1,0,Action,,,
langado,लङ्गडो,लङ्गडो,langado,5,1,Disability,,1,
lachharpato,लच्छारपाटो,लछारपाटो,lachharpato,4,0,Other,,,1
lathuwa,लठूवा,लठूवा,ladhuwa,4,0,Other,,,1
lathebri,लठेव्री,लठेब्री,lathebri,5,1,Disability,,1,
lathebra,लठेव्रा,लठेब्रो,lathebro,5,1,Disability,,1,
lathebro,लठेव्रो,लठेब्रो,lathebro,5,1,Disability,,1,
latti,लठ्ठी,लठ्ठी,latthi,1,0,Weapon,,0,0
lanthu,लन्ठु,लन्ठू,lanthu,5,1,Other,,1,
lanthai saaf,लन्ठै साफ,लन्ठै साफ,lanthai saph,5,1,Other,,1,
lafada,लफडा,लफडा,lafada,3,0,Other,,,
lachhi,लाछी,लाछी,lachhi,5,1,Other,,1,
laaj nabhayeka nakachharaharu,लाज नभएका नकचरा हरू,लाज नभएका नकचराहरू,laaj nabhayeka nakacharaharu,4,0,Other,,,1
laaj nabhayekahru,लाज नभएकाहरू,लाज नभएकाहरू,laaj nabhayekaharu,4,0,Other,,,1
laaj pachheko,लाज पचेको,लाज पचाउनु,laaj pachaaunu,4,0,Other,,,1
lajai pachayera,लाजै पचाएर,लाजै पचाएर,lajai pachayera,4,0,Other,,,1
latale papa here jasto,लाटाले पापा हेरे जस्तो,लाटाले पापा हेरे जस्तो,latale papa here jasto,4,0,Idiom,Disability,,1
lati,लाटी,लाटी,lati,3,0,Disability,,,1
lata,लाटा,लाटो,lato,3,0,Disability,,,1
lato,लाटो,लाटो,lato,3,0,Disability,,,1
lato desko gada tanneri,लाटो देशको गाडा तन्नेरी,लाटो देशको गाँडो तन्नेरी,lato deshko gando tanneri,5,1,Idiom,Disability,1,
lato ladchha yek baldyang batho ladchha saat baldyang,लाटो लड्छ एक बल्ड्याङ बाठो लड्छ सात बल्ड्याङ,लाटो लड्छ एक बल्ड्याङ बाठो लड्छ सात बल्ड्याङ,lato ladchha aak baldhyan batho ladchha saat baldhyang,1,0,Idiom,Disability,,1
lando,लाँडो,लाँडो,lando,5,1,Body Part,Sex and Porn,1,
lando,लाँडो,लाँडो,lando,5,1,Vulgar,Sex and Porn,1,
lado,लाँडो,लाँडो,lando,5,1,Body Part,Sex and Porn,1,
lado,लादो,लादो,lando,5,1,Body Part,Sex and Porn,1,
lado,लाडो,लाडो,lando,5,1,Body Part,Sex and Porn,1,
lattile hirkayera bariko patama,लात्तीले हीर्काएर बारीको पाटामा,लात्तीले हिर्काएर बारीको पाटामा,lattile hirkayera bariko patama,1,0,Idiom,Action,,1
lamto,लाम्टो,लाम्टो,lamto,5,1,Body Part,,1,
linga,लिङ्ग,लिङ्ग,linga,1,0,Body Part,,1,
lutera,लुटेरा,लुटेरा,lutera,1,0,Other,,,1
lutera,लूटेरा,लुटेरा,lutera,1,0,Other,,,1
luteraok sachhi chor,लूटेराकाे साक्षी चाेर,लुटेराको साक्षी चाेर,luterako sakchhi chor,1,0,Idiom,,,1
lutikhuire,लूतीखूइरे,लूतीखूइरे,lutikhuire,5,1,Other,,1,
lejbian,लेजवियन,लेजवियन,lejbiyan,1,0,Gender,Imported,1,
logne,लोग्ने,लोग्ने,logne,1,0,Relation,,0,0
lodar,लोदर,लोदर,lodhar,1,0,Other,,,1
lodhar,लोदर,लोदर,lodhar,1,0,Other,,,1
lodhre,लोदरे,लोदरे,lodhare,5,1,Other,,1,1
lophar,लोफर,लोफर,lophar,4,0,Other,,,1
loffar,लोफर,लोफर,lophar,4,0,Other,,,1
lan,ल्याङ्,ल्याङ्,langlang,1,0,Other,,,1
bali,वली,वली,bali,1,0,Religion,,,1
baliko boko,वलीको वोको,वलीको बोको,baliko boko,4,0,Animal,Religion,,1
baal,वाल,वाल,baal,2,0,Other,,0,0
Wah,वा,वाह,wah,1,0,Other,,0,0
bahan,बहान,वाहन,wahan,1,0,Animal,,,
waihat,वाईयत,वाहियत,wahiyat,2,0,Other,,,1
bikhandankari,विखण्डनकारी,विखण्डनकारी,bikhandakari,4,0,Politics,,,1
bikhandankari,वीखण्डनकारी,विखण्डनकारी,bikhandakari,4,0,Politics,,,1
bichar garera bol,बीचार गरेर बोल,विचार गरेर बोल्नु,bichar garera bolnu,1,0,Other,,,1
bideshiko chhad,बीदेशीको छाद,विदेशीको छाद,bideshiko chhad,4,0,Politics,Excretion,1,
bidhur,विधुर,विधुर,bidhur,5,1,Marriage,Death,1,
bibekhin,बीबेकहीन,विवेकहीन,bibekhin,4,0,Other,,,
bibekhin,विवेकहीन,विवेकहीन,bibekhin,4,0,Other,,,
bikh (bish),बिख,विष,bish,1,0,Other,,,
bish brikshhya ropera amrit phalko asha garne,बीष बृक्ष राेपेर अमृत फलको आशा गर्ने,विष बृक्ष राेपेर अमृत फलको आशा गर्नु,bish brikchhya ropera amrit phalko aasha garnu,1,0,Idiom,,,1
bihari,बिहारी,विहारी,bihari,4,0,Race,,0,1
bihare,विहारी,विहारी,bihari,4,0,Race,,0,1
birya,विर्य,वीर्य,birya,5,1,Excretion,,1,1
besya,वेेस्या,वेश्या,beshya,4,0,Vulgar,Gender,1,1
besia,वेेस्या,वेश्या,beshya,4,0,Vulgar,Gender,1,1
baiya,वेसिया,वेश्या,beshya,4,0,Vulgar,Gender,1,1
besya,व्यश्या,वेश्या,beshya,4,0,Vulgar,Gender,1,1
besyalaya,बेस्यालए,वेश्यालय,beshyalaya,2,0,Vulgar,Gender,1,1
bokoharam,वोकोहराम,वोकोहराम,bokoharam,1,0,Politics,Imported,,1
bwaktigat swartha,ब्यक्तीगत स्वार्थ,व्यक्तिगत स्वार्थ,bwaktigat swartha,1,0,Other,,,
saranarthi,शरणार्थी,शरणार्थी,sharanarthi,1,0,Politics,,,
sukrakit,शुक्रकीट,शुक्रकीट,shukrakit,5,1,Excretion,Sex and Porn,1,
sudra,सुद्र,शूद्र,shudra,3,0,Race,,,1
sadyantra,षड्यंत्र,षड्यन्त्रकारी,shadyantrakari,4,0,Politics,,,
sakchhan bhane ma sita aaija,सक्छस भने मसीत अाईज,सक्छस् भने मसँग आइज,sakchhas bhane masango aaija,4,0,Action,,,1
sadakchhap,सडकछाप,सडकछाप,sadakchhap,4,0,Other,,,1
sanki,सन्कि,सन्की,sanki,4,0,Other,,,1
saram nabhayeko,सरम नभएको,सरम नभएको,saram nabhayeko,4,0,Other,,,1
saruwa rog,सरूवा राेग,सरुवा रोग,saruwa rog,1,0,Disease,,,
sarkini,सर्कीनी,सर्किनी,sarkini,4,0,Race,,,1
sarwanga,सर्वाङ्ग,सर्वाङ्ग,sarwanga,1,0,Other,,,1
psycho,साईको,साइको,saiko,4,0,Disease,Imported,,1
sanglo,साङलो,साङ्लो,sanglo,1,0,Weapon,,,
sanglole badhnuparne,साङलोले बाँध्नुपर्ने,साङ्लोले बाँध्नुपर्ने,sanglole badhnuparne,4,0,Action,Weapon,,1
sande,साँडे,साँढे,sandhe,1,0,Animal,,,1
samanti,सामन्ती,सामन्ती,samanti,2,0,Politics,,,1
saamanti soshsak,सामन्ती शोषक,सामन्ती शोषक,samanti shosak,4,0,Politics,,,1
sampradayik,साम्प्रदायीक,साम्प्रदायिक,sampradayik,1,0,Race,,,
sari,सारी,सारी,sari,1,0,Cloth,,,
sarki,सार्की,सार्की,sarki,1,0,Race,,,1
sala,साला,साला,sala,3,0,Relation,,1,1
saala,साला,साला,sala,3,0,Relation,,1,1
saalaa,साला,साला,sala,3,0,Relation,,1,1
salaa,साला,साला,sala,3,0,Relation,,1,1
sala kukur,साला कुकुर,साला कुकुर,sala kukur,4,0,Animal,Mixed,1,1
saalaa kukur,साला कुकुर,साला कुकुर,sala kukur,4,0,Animal,,1,1
saala khate,साला खाते,साला खाते,sala khate,4,0,Other,Mixed,1,1
sala pagal,साला पागल,साला पागल,sala pagal,4,0,Disease,Mixed,1,1
sala veda,साला भेडा,साला भेडा,sala bheda,4,0,Animal,Mixed,1,1
saale,साले,साले,sale,4,0,Relation,,1,1
sale,साले,साले,sale,4,0,Relation,,1,1
sale chor,साले चोर,साले चोर,sale chor,4,0,Relation,Mixed,1,1
sale hawa,साले हावा,साले हावा,sale hawa,4,0,Relation,Mixed,1,1
sigan,सिगान,सिँगान,singan,1,0,Excretion,,,
singaru,सिँगारु,सिँगारु,singaru,1,0,Gender,,,
sinko bhacheko,सीन्को भाँचेको,सिन्को भाँचेको,sinko bhacheko,2,0,Other,,,
sisnupani,सिस्नु पानी,सिस्नु पानी,sisnu pani,1,0,Weapon,Plant,,
sugur,सुँगुर,सुँगुर,sungur,1,0,Animal,,,1
sugurni,सुँगुर्नी,सुँगुर्नी,sugurni,4,0,Animal,,,1
sugnu,सुग्नु,सुँघ्नु,sughnu,1,0,Action,,,
shoot,सूट,सुट,suut,2,0,Weapon,,,1
sutto,सुड्डो,सुट्टो,sutto,4,0,Other,,,1
suttho,सूड्डो,सुट्टो,sutto,4,0,Other,,,1
sutnu,सुत्नु,सुत्नु,sutnu,1,0,Vulgar,,x,x
sex,सेक्स,सेक्स,sex,1,0,Vulgar,,1,
saitan,सैतान,सैतान,saitan,2,0,Religion,Imported,,
stan,स्तन,स्तन,stan,5,1,Body Part,Sex and Porn,1,
strilampat,स्त्रीलम्पट,स्त्रीलम्पट,strilampat,4,0,Vulgar,,0,1
sangyali,स्याङ्जाली,स्याङ्जाली,syangali,1,0,Geographic Location,,,1
syal,स्याल,स्याल,syal,1,0,Animal,,,
swaghosit,स्वोघोसीत,स्वघोषित,swaghosit,1,0,Politics,,,
swapnadosh,स्वप्नदोष,स्वप्नदोष,swapnadosh,5,1,Vulgar,,1,
swath,स्वाँठ,स्वाँठ,swath,4,0,Other,,,1
swarthama lipta,स्वार्थमा लीप्त,स्वार्थमा लिप्त,swarthama lipta,3,0,Other,,,1
swarthi,स्वार्थी,स्वार्थी,swarthi,4,0,Other,,,
swasni,स्वास्नी,स्वास्नी,swasni,1,0,Relation,,,
hagai bhanda padhai dherai,हगाई भन्दा पधाई धेरै,हगाइ भन्दा पदाइ धेरै,hagai bhanda padhai dherai,5,1,Idiom,,0,1
hagnu,हग्नु,हग्नु,hagnu,5,1,Excretion,Action,1,1
hajam garnu,हजाम गर्नु,हजाम गर्नु,hajam garnu,1,0,Other,,,1
hatyara,हत्यारा,ह,hatyara,4,0,Other,,,1
hatyaara,हत्यारा,ह,hatyara,4,0,Other,,,1
hatyara,ह,ह,hatyara,4,0,Other,,,1
hatyara lutera,हत्यारा लुटेरा,हत्यारा लुटेरा,hatyara lutera,4,0,Other,,,1
hanuman,हनुमान,हनुमान,hanuman,1,0,Animal,Politics,,
hanumangiri,हनुमानगिरी,हनुमानगिरी,hanumangiri,4,0,Politics,,,1
harami,हरामी,हरामी,harami,4,0,Other,,1,1
hariyo bas,हरियो वाँस,हरियो बाँस,hariyo baas,1,0,Death,,,
hali,हली,हली,bali,3,0,Other,,,
hasuri,हसुरि,हसुरी,hasuri,3,0,Other,,,
hasure,हसूरे,हसुर्नु,hasurnu,3,0,Other,,,1
hastamaithun,हस्तमैथुन,हस्तमैथुन,hastamaithun,5,1,Vulgar,,1,
hadi ghopte,हाँडी घोप्टे,हाँडी घोप्टे,handi ghopte,5,1,Other,,0,1
Hali muhai,हाली मुहाली,हालीमुहाली,halimuhali,2,0,Other,,,
hawa,हावा,हावा,hawa,1,0,Other,,,
hawa kura,हावा कुरा,हावा कुरा,hawa kura,3,0,Other,,,1
hawa kura,हावा कुुरा,हावा कुरा,hawa kura,3,0,Other,,,1
hawa buda,हावा बूडा,हावा बुढा,hawa budha,4,0,Other,,,1
hawadari,हावादारी,हावादारी,hawadari,4,0,Other,,,1
hijada,हिँजडा,हिजडा,hinjhada,5,1,Gender,,0,
himmat nabhayeko,हिम्मत नभएको,हिम्मत नभएको,himmat nabhayeko,4,0,Other,,,
hutihara,हुतीहारा,हुतीहारा,hutihara,4,0,Other,,0,1
hutihara,हूतीहारा,हुतीहारा,hutihara,4,0,Other,,1,
haija,हैजा,हैजा,haija,1,0,Disease,,0,1
hwau nabhayeko,ह्याउ नभएको,ह्याउ नभएको,hwau nabhayeko,4,0,Other,,,
what the fuck,ह्वाट दी फक,ह्वाट दि फक,what da phak,5,1,Vulgar,Imported,1,
,,,,,,,,Profanity,Offensive
,,,,,,,,,
,,,,,,,,,
point to be noted ,,,,,,,,,
hijada only is nothing,,,,,,,,,
ta ma or with noun aayo bhane profanity,,,,,,,,,